{"cameraMode":{"drawMode":0,"name":"Shaded","section":"Shading Mode"},"sceneLighting":false,"audioPlay":false,"sceneViewState":{"showFog":true,"showMaterialUpdate":false,"showSkybox":false,"showFlares":true,"showImageEffects":true,"showParticleSystems":true},"in2DMode":false,"pivot":{"x":8.2975492477417,"y":0.34821927547454836,"z":-0.8199999332427979},"rotation":{"x":-0.013897102326154709,"y":0.9855893850326538,"z":-0.13417991995811463,"w":-0.1020742729306221},"size":0.8660253882408142,"orthographic":false}