{"cameraMode":{"drawMode":0,"name":"Shaded","section":"Shading Mode"},"sceneLighting":false,"audioPlay":false,"sceneViewState":{"showFog":true,"showMaterialUpdate":false,"showSkybox":false,"showFlares":true,"showImageEffects":true,"showParticleSystems":true},"in2DMode":false,"pivot":{"x":-0.8299999237060547,"y":0.0,"z":-0.4900001287460327},"rotation":{"x":-0.013897102326154709,"y":0.9855893850326538,"z":-0.13417991995811463,"w":-0.1020742729306221},"size":1.2247449159622193,"orthographic":false}