{"cameraMode":{"drawMode":0,"name":"Shaded","section":"Shading Mode"},"sceneLighting":true,"audioPlay":false,"sceneViewState":{"showFog":true,"showMaterialUpdate":false,"showSkybox":true,"showFlares":true,"showImageEffects":true,"showParticleSystems":true},"in2DMode":false,"pivot":{"x":3.384465456008911,"y":7.155023574829102,"z":-2.872596025466919},"rotation":{"x":-0.3756740987300873,"y":0.4119580388069153,"z":-0.1915840208530426,"w":-0.8077884316444397},"size":5.107870101928711,"orthographic":false}